Genus.Species,Caste,Image CASENT,Head_width,Head_length,Mandible_length,Eye length_1,Eye length_2,Weber_length
Anochetus.mayri,worker,casent0003324,0.737,0.722,0.427,0.095,0.11,1.145
Anochetus.mayri,worker,casent0767584,0.84,0.822,0.497,0.113,,1.215
Anochetus.mayri,worker,casent0103554,0.772,0.747,0.451,0.101,0.092,1.132
Anochetus.mayri,worker,casent0010834,0.748,0.718,0.4545,0.08,0.087,1.1115
Aphaenogaster.ashmeadi,worker,casent0103563,1.013,1.471,0.616,0.274,0.295,2.191
Aphaenogaster.ashmeadi,worker,casent0281182,0.976,1.328,0.574,0.242,,2.033
Aphaenogaster.ashmeadi,worker,casent0103560,0.997,1.335,0.2945,0.24,0.245,2.058
Aphaenogaster.carolinensis,worker,fmnhins0000049642,0.969,1.269,0.584,0.265,0.258,1.929
Aphaenogaster.carolinensis,worker,casent0906104,0.775,1.048,0.479,0.216,0.229,1.594
Aphaenogaster.carolinensis,worker,casent0103574,0.776,1.084,0.2285,0.224,0.227,1.494
Aphaenogaster.flemingi,worker,casent0103579,0.895,1.24,0.302,0.23,0.231,1.9145
Aphaenogaster.floridana,worker,casent0103583,1.02,1.433,0.318,0.291,0.295,2.0195
Aphaenogaster.fulva,worker,casent0103585,1.087,1.278,0.2425,0.243,0.238,1.6705
Aphaenogaster.fulva,worker,casent0104859,0.959,1.206,0.566,0.211,0.228,1.647
Aphaenogaster.fulva,worker,casent0105670,0.976,1.238,0.614,,0.24,1.796
Aphaenogaster.fulva,worker,casent0904167,0.828,1.075,0.507,0.211,0.183,1.405
Aphaenogaster.fulva,worker,focol1231,1.108,1.465,0.695,0.281,0.288,2.175
Aphaenogaster.lamellidens,worker,casent0103589,1.1615,1.454,0.321,0.251,0.261,2.1705
Aphaenogaster.lamellidens,worker,casent0105570,0.938,1.263,0.539,0.245,0.154,1.186
Aphaenogaster.lamellidens,worker,casent0900413,0.897,1.109,0.598,0.222,0.223,1.748
Aphaenogaster.lamellidens,worker,casent0914470,1.113,1.465,0.633,0.276,,2.266
Aphaenogaster.lamellidens,worker,casent0919793,1.059,1.469,0.652,0.252,,2.204
Aphaenogaster.mariae,worker,casent0105571,1.203,1.489,0.733,0.294,0.257,1.77
Aphaenogaster.mariae,worker,casent0907688,0.97,1.133,0.616,0.24,0.28,1.887
Aphaenogaster.mariae,worker,casent0103599,0.831,1.095,0.2355,0.184,0.191,1.4155
Aphaenogaster.miamiana,worker,casent0103595,0.979,1.3,0.591,0.279,0.279,1.854
Aphaenogaster.miamiana,worker,casent0105579,2.037,2.709,1.16,0.59,0.304,1.993
Aphaenogaster.miamiana,worker,casent0904168,1.086,1.309,0.634,0.259,0.226,1.718
Aphaenogaster.miamiana,worker,casent0914472,1.206,1.573,0.667,0.307,0.304,2.322
Aphaenogaster.rudis,worker,casent0914476,0.839,1.115,0.521,0.209,0.233,1.63
Aphaenogaster.rudis,worker,fmnhins0000062941,0.876,1.113,0.534,0.233,0.249,1.758
Aphaenogaster.rudis,worker,casent0104843,0.955,1.208,0.2395,0.225,0.228,1.671
Aphaenogaster.tennesseensis,worker,casent0103600,1.102,1.283,0.2795,0.229,0.226,1.7675
Aphaenogaster.tennesseensis,worker,casent0105672,1.154,1.28,0.68,0.262,0.239,1.856
Aphaenogaster.tennesseensis,worker,casent0916081,1.061,1.226,0.593,0.232,0.21,1.756
Aphaenogaster.tennesseensis,worker,fmnhins0000062930,1.121,1.276,0.652,0.242,0.254,1.89
Aphaenogaster.treatae,worker,casent0914485,1.113,1.494,0.36,0.277,0.276,2.231
Aphaenogaster.treatae,worker,casent0103609,0.933,1.258,0.557,,0.262,1.779
Aphaenogaster.treatae,worker,casent0900414,1.055,1.228,0.661,0.253,0.228,1.799
Aphaenogaster.treatae,worker,casent0907701,1.044,1.378,0.636,0.236,0.253,2.018
Aphaenogaster.treatae,worker,casent0923377,0.876,1.159,0.547,0.22,0.221,1.778
Aphaenogaster.umphreyi,worker,casent0103612,0.9855,1.171,0.291,0.165,0.165,1.7005
Aphaenogaster.umphreyi,worker,casent0900416,0.787,0.96,0.524,,,1.478
Brachymyrmex.depilis,worker,MCZ-ENT00672722,0.374,0.424,0.062,0.082,0.083,0.406
Brachymyrmex.depilis,worker,casent0005338,0.402,0.476,0.183,0.101,0.09,
Brachymyrmex.depilis,worker,casent0106038,0.358,0.409,0.191,0.078,0.081,0.372
Brachymyrmex.depilis,worker,casent0179481,0.424,0.461,0.21,0.084,0.099,0.454
Brachymyrmex.depilis,worker,fmnhins0000062867,0.344,0.386,0.171,0.075,0.078,0.364
Brachymyrmex.minutus,worker,casent0249946,0.291,0.335,0.147,0.076,0.076,0.33
Brachymyrmex.minutus,worker,casent0767579,0.299,0.344,0.139,0.081,0.076,0.337
Brachymyrmex.minutus,worker,casent0903121,0.305,0.375,,0.085,0.075,0.367
Brachymyrmex.minutus,worker,fmnhins0000088667,0.399,0.441,0.168,0.101,0.094,0.392
Brachymyrmex.minutus,worker,casent0602037,0.3155,0.367,0.0375,0.088,0.088,0.38
Brachymyrmex.obscurior,worker,casent0219802,0.412,0.443,0.0675,0.1,0.103,0.44
Brachymyrmex.obscurior,worker,casent0104889,0.509,0.527,,0.112,0.096,0.476
Brachymyrmex.obscurior,worker,casent0219804,0.873,0.966,0.403,0.218,0.229,0.974
Brachymyrmex.obscurior,worker,casent0249949,0.363,0.397,0.166,0.091,0.074,0.378
Brachymyrmex.obscurior,worker,casent0903120,0.422,0.461,0.21,0.115,,0.462
Brachymyrmex.obscurior,worker,usnment00757132,0.365,0.408,0.196,0.101,0.089,0.32
Brachymyrmex.patagonicus,worker,casent0173480,0.487,0.541,0.257,0.154,0.157,0.546
Brachymyrmex.patagonicus,worker,casent0249945,0.403,0.435,0.218,0.123,0.117,0.475
Brachymyrmex.patagonicus,worker,casent0915732,0.488,0.532,0.254,0.113,,0.505
Brachymyrmex.patagonicus,worker,casent0915986,0.402,0.444,0.198,0.142,0.144,0.435
Brachymyrmex.patagonicus,worker,casent0915987,0.412,0.464,0.0225,0.136,0.137,0.4905
Camponotus.americanus,worker,casent0172605,2.248,2.647,1.062,0.627,0.588,3.601
Camponotus.americanus,worker,casent0179851,1.877,2.369,0.902,0.567,0.517,3.28
Camponotus.americanus,worker,casent0280004,2.177,2.5,0.94,0.609,0.542,3.413
Camponotus.americanus,worker,casent0911614,1.909,2.357,0.826,0.568,0.569,3.634
Camponotus.americanus,worker,casent0280005,1.3065,1.974,0.2195,0.47,0.463,3.043
Camponotus.americanus,major,casent0911613,2.693,3.019,0.2365,0.628,0.63,3.889
Camponotus.caryae,worker,casent0103652,1.526,1.62,0.3505,0.378,0.382,2.2965
Camponotus.caryae,worker,casent0249371,1.229,1.384,0.565,0.428,0.392,1.878
Camponotus.caryae,worker,casent0914444,1.194,1.341,0.474,0.375,,1.928
Camponotus.caryae,major,fmnhins0000045723,2.105,2.098,0.743,0.472,0.463,2.701
Camponotus.castaneus,worker,casent0104761,1.891,2.367,0.819,0.56,0.615,3.886
Camponotus.castaneus,worker,casent0280007,1.543,2.117,0.887,0.557,0.535,
Camponotus.castaneus,worker,casent0906103,2.125,2.684,0.99,0.616,0.659,3.992
Camponotus.castaneus,worker,casent0103654,1.5425,2.186,0.3185,0.534,0.537,3.283
Camponotus.castaneus,major,casent0103653,2.695,3.076,1.077,0.71,0.647,4.133
Camponotus.castaneus,major,casent0104977,3.532,3.415,1.222,0.763,0.745,4.849
Camponotus.castaneus,major,casent0280006,3.033,3.157,1.103,0.679,0.661,4.233
Camponotus.castaneus,major,casent0172603,1.848,2.203,0.2945,0.505,0.5,3.4595
Camponotus.decipiens,worker,casent0249367,1.316,1.513,0.551,0.392,0.393,2.164
Camponotus.decipiens,worker,casent0905404,1.019,1.208,0.429,0.336,0.345,
Camponotus.decipiens,worker,fmnhins0000045842,0.991,1.157,0.432,0.31,0.323,1.771
Camponotus.decipiens,worker,casent0103667,1.073,1.325,0.2135,0.328,0.331,2.014
Camponotus.decipiens,major,casent0103658,2.055,2.055,0.67,0.462,0.432,2.825
Camponotus.decipiens,major,casent0103666,3.207,3.383,1.19,0.768,0.919,5.305
Camponotus.decipiens,major,casent0249368,2.294,2.398,0.4325,0.496,0.492,2.901
Camponotus.discolor,worker,casent0249369,1.3,1.428,0.511,0.381,0.36,1.839
Camponotus.discolor,major,casent0103668,1.939,1.902,0.671,0.434,0.445,2.86
Camponotus.discolor,major,casent0103670,1.7875,1.867,0.266,0.437,0.439,2.3825
Camponotus.floridanus,worker,casent0103673,1.44,1.776,0.703,0.457,0.507,2.754
Camponotus.floridanus,worker,fmnhins0000062856,1.326,1.74,0.318,0.45,0.435,2.7505
Camponotus.floridanus,major,casent0103672,3.291,3.241,1.206,0.715,0.703,3.662
Camponotus.floridanus,major,casent0104894,3.0765,3.184,0.446,0.617,0.62,3.713
Camponotus.nearcticus,worker,casent0103685,1.0075,1.21,0.1,0.311,0.31,1.718
Camponotus.nearcticus,major,casent0103689,1.5115,1.664,0.224,0.403,0.403,2.5275
Camponotus.novogranadensis,worker,casent0280072,0.978,1.146,0.44,0.314,0.308,1.669
Camponotus.novogranadensis,worker,ecofog-it14-0821-05,1.111,1.271,0.602,0.339,0.27,1.456
Camponotus.novogranadensis,worker,casent0173434,1.07,1.361,0.1215,0.341,0.34,1.386
Camponotus.novogranadensis,major,casent0915797,1.714,1.882,0.64,0.365,0.392,2.344
Camponotus.novogranadensis,major,casent0280071,1.839,2.062,0.3775,0.412,0.411,2.273
Camponotus.pennsylvanicus  ,worker,antweb1038001,1.769,1.888,0.817,0.482,0.485,2.847
Camponotus.pennsylvanicus  ,worker,casent0103692,1.763,2.02,0.829,0.502,,3.154
Camponotus.pennsylvanicus  ,worker,casent0179608,1.8585,2.185,0.247,0.521,0.521,2.9445
Camponotus.pennsylvanicus,major,casent0105677,2.924,2.671,1.192,0.625,0.559,3.752
Camponotus.pennsylvanicus,major,casent0103694,2.951,2.846,0.478,0.567,0.57,3.981
Camponotus.planatus,worker,casent0280091,1.343,1.384,0.522,,0.448,1.973
Camponotus.planatus,worker,fmnhins0000062858,1.109,1.151,0.435,0.338,0.339,1.597
Camponotus.planatus,worker,casent0103700,0.887,1.034,0.098,0.307,0.305,1.349
Camponotus.planatus,major,casent0103696,1.529,1.521,0.531,0.406,0.373,1.794
Camponotus.planatus,major,casent0280090,2.309,2.101,0.791,0.549,0.594,2.708
Camponotus.planatus,major,casent0246647,1.814,1.732,0.1655,0.437,0.438,2.012
Camponotus.sexguttatus,worker,casent0103710,0.919,1.252,0.427,0.37,0.358,1.821
Camponotus.sexguttatus,worker,casent0249404,0.743,1.007,0.382,0.315,0.277,1.583
Camponotus.sexguttatus,worker,casent0903635,0.852,1.219,0.496,0.383,0.335,1.847
Camponotus.sexguttatus,worker,casent0249405,0.832,1.183,0.124,0.344,0.339,1.8705
Camponotus.sexguttatus,major,casent0103709,1.467,1.562,0.564,0.451,0.418,1.948
Camponotus.sexguttatus,major,casent0173451,1.611,1.616,0.586,0.468,0.477,2.23
Camponotus.sexguttatus,major,casent0903629,1.395,1.493,0.538,0.43,0.462,2.258
Camponotus.sexguttatus,major,casent0246661,1.358,1.541,0.176,0.403,0.404,1.997
Camponotus.snellingi,worker,casent0103732,1.2095,1.428,0.233,0.316,0.317,2.1385
Camponotus.snellingi,major,casent0103730,1.703,1.767,0.3405,0.351,0.362,2.771
Camponotus.socius,worker,casent0105678,1.941,1.959,1.127,0.527,0.534,3.708
Camponotus.socius,worker,casent0103712,1.5845,2.204,0.286,0.504,0.502,3.806
Camponotus.socius,major,casent0103711,3.051,3.271,0.5195,0.626,0.621,4.4175
Cardiocondyla.emeryi,worker,casent0103733,0.372,0.479,0.207,0.124,0.1,0.507
Cardiocondyla.emeryi,worker,casent0171087,0.468,0.591,0.287,0.143,0.119,0.531
Cardiocondyla.emeryi,worker,casent0235428,0.276,0.349,0.146,0.09,0.081,0.397
Cardiocondyla.emeryi,worker,casent0906359,0.363,0.464,0.191,0.114,0.095,0.509
Cardiocondyla.emeryi,worker,casent0908342,0.37,0.458,0.199,0.116,0.102,0.524
Cardiocondyla.emeryi,worker,casent0005964,0.34,0.451,0.0345,0.09,0.084,0.52
Cardiocondyla.mauritanica,worker,casent0103167,0.418,0.523,0.25,0.123,0.128,0.699
Cardiocondyla.mauritanica,worker,casent0172607,0.45,0.564,0.268,0.135,0.12,0.65
Cardiocondyla.mauritanica,worker,casent0901755,0.438,0.552,0.243,0.121,0.114,0.604
Cardiocondyla.mauritanica,worker,casent0908345,0.45,0.52,0.275,0.131,,0.736
Cardiocondyla.mauritanica,worker,casent0005678,0.47,0.584,0.1115,0.125,0.124,0.69
Cardiocondyla.minutior,worker,casent0102306,0.338,0.436,0.183,0.094,0.095,0.499
Cardiocondyla.minutior,worker,casent0103436,0.367,0.464,0.21,,0.104,0.555
Cardiocondyla.minutior,worker,casent0196173,0.371,0.458,0.197,,0.088,0.551
Cardiocondyla.minutior,worker,casent0171077,0.3355,0.443,0.052,0.089,0.089,0.508
Cardiocondyla.obscurior,worker,casent0103429,0.359,0.41,0.189,0.105,0.1,0.52
Cardiocondyla.obscurior,worker,casent0103752,0.35,0.447,0.206,0.109,0.103,0.567
Cardiocondyla.obscurior,worker,casent0171038,0.387,0.456,0.201,0.104,0.108,0.548
Cardiocondyla.obscurior,worker,casent0901754,0.428,0.478,0.212,0.125,0.111,0.637
Cardiocondyla.obscurior,worker,casent0103430,0.3445,0.415,0.054,0.085,0.087,0.5105
Cardiocondyla.venustula,worker,antweb1041254,0.447,0.563,0.25,0.123,0.127,0.722
Cardiocondyla.venustula,worker,casent0119699,0.493,0.596,0.274,0.129,0.139,0.75
Cardiocondyla.venustula,worker,focol1607,0.42,0.518,0.225,0.112,0.118,0.617
Cardiocondyla.venustula,worker,casent0103747,0.4345,0.564,0.068,0.113,0.11,0.658
Cardiocondyla.wroughtonii,worker,antweb1041255,0.356,0.435,0.182,,0.111,0.578
Cardiocondyla.wroughtonii,worker,casent0060052,0.381,0.47,0.203,0.109,0.092,0.452
Cardiocondyla.wroughtonii,worker,casent0171166,0.53,0.655,0.27,0.158,0.109,0.549
Cardiocondyla.wroughtonii,worker,casent0901753,0.403,0.479,0.205,0.116,0.112,0.574
Cardiocondyla.wroughtonii,worker,casent0102969,0.341,0.426,0.049,0.095,0.093,0.4645
Cephalotes.varians,worker,casent0103755,1.17,1.094,0.164,0.238,0.237,1.173
Cephalotes.varians,worker,casent0922527,1.259,1.179,,0.245,0.266,1.3
Cephalotes.varians,worker,casent0103759,1.082,1.062,0.133,0.185,0.189,1.0545
Cephalotes.varians,major,casent0922526,1.607,1.941,0.196,,0.326,1.633
Cephalotes.varians,major,casent0103758,1.6735,2.124,0.315,0.306,0.299,1.638
Colobopsis.impressa,worker,casent0103679,0.835,0.945,0.311,0.262,0.221,1.153
Colobopsis.impressa,worker,casent0249380,0.788,0.882,0.275,0.261,0.264,1.169
Colobopsis.impressa,worker,fmnhins0000088668,0.809,0.899,0.27,0.264,0.256,1.189
Colobopsis.impressa,major,casent0249381,1.1,1.228,0.39,0.32,0.345,1.497
Colobopsis.impressa,major,fmnhins0000088681,1.041,1.122,0.389,0.321,0.313,1.376
Colobopsis.impressa,major,casent0103678,1.0695,1.086,0.0805,0.268,0.27,1.3815
Colobopsis.obliquus,major,casent0103722,1.034,1.159,0.377,0.31,0.272,1.282
Colobopsis.obliquus,major,casent0105585,1.092,1.218,0.456,0.34,0.25,1.224
Colobopsis.obliquus,worker,casent0103723,0.7405,0.874,0.067,0.228,0.23,1.058
Colobopsis.riehlii,worker,fmnhins0000088682,0.967,1.063,0.355,0.295,0.294,1.366
Colobopsis.riehlii,worker,casent0103727,0.994,1.095,0.324,0.315,0.29,1.406
Colobopsis.riehlii,worker,casent0103728,0.875,0.947,0.31,0.77,0.252,1.141
Colobopsis.riehlii,worker,casent0914449,0.792,0.861,0.271,0.247,0.248,1.2
Colobopsis.riehlii,major,casent0914448,1.166,1.305,0.44,0.333,0.332,1.477
Colobopsis.riehlii,major,casent0103726,1.155,1.178,0.322,0.316,0.359,1.7
Colobopsis.riehlii,worker,fmnhins0000088669,0.8535,0.92,0.069,0.232,0.239,1.147
Crematogaster.ashmeadi,worker,casent0103765,0.8,0.707,0.328,0.181,0.172,0.822
Crematogaster.ashmeadi,worker,casent0919694,0.846,0.745,0.353,0.186,0.191,0.907
Crematogaster.ashmeadi,worker,casent0922720,0.776,0.711,0.34,0.179,0.162,0.877
Crematogaster.ashmeadi,worker,focol1506-1,0.799,0.73,0.294,0.185,0.206,0.872
Crematogaster.ashmeadi,worker,ent00669688,0.767,0.745,0.109,0.174,0.182,0.8635
Crematogaster.atkinsoni,worker,casent0103768,0.93,0.874,0.415,0.227,0.215,1.09
Crematogaster.atkinsoni,worker,casent0901443,0.673,0.661,0.342,0.148,0.149,0.854
Crematogaster.atkinsoni,worker,casent0914490,1.126,0.957,0.478,0.244,0.229,1.283
Crematogaster.atkinsoni,worker,casent0922730,0.921,0.856,0.426,0.203,0.212,1.097
Crematogaster.atkinsoni,worker,casent0103770,0.95,0.941,0.103,0.207,0.21,0.985
Crematogaster.cerasi,worker,casent0103776,0.868,0.811,0.39,0.216,0.198,0.905
Crematogaster.cerasi,worker,casent0179856,0.897,0.854,0.428,0.222,0.215,1.002
Crematogaster.cerasi,worker,usnment00529078,0.843,0.766,0.368,0.195,0.188,0.962
Crematogaster.cerasi,worker,casent0922725,0.993,0.951,0.1295,0.213,0.219,1.141
Crematogaster.lineolata,worker,casent0104694,0.81,0.752,0.354,0.2,0.206,0.694
Crematogaster.lineolata,worker,casent0904536,,0.694,0.347,0.182,0.175,0.861
Crematogaster.lineolata,worker,casent0912717,0.802,0.754,0.398,0.2,0.208,0.907
Crematogaster.lineolata,worker,casent0103781,0.794,0.819,0.1,0.187,0.191,0.895
Crematogaster.minutissima,worker,casent0103789,0.492,0.533,0.271,0.144,0.122,0.627
Crematogaster.minutissima,worker,casent0914573,0.466,0.514,0.229,,0.144,0.536
Crematogaster.minutissima,worker,jtlc000006537,0.522,0.537,0.268,0.151,0.135,0.633
Crematogaster.minutissima,worker,fmnhins0000047839,0.47,0.52,0.066,0.138,0.136,0.598
Crematogaster.missouriensis,worker,casent0103795,0.52,0.522,0.282,0.166,0.154,0.652
Crematogaster.missouriensis,worker,casent0172944,0.527,0.524,0.273,0.152,0.154,0.661
Crematogaster.missouriensis,worker,casent0648379,0.534,0.556,0.278,0.161,0.158,0.662
Crematogaster.missouriensis,worker,casent0102833,0.4875,0.517,0.018,0.162,0.16,0.569
Crematogaster.obscurata,worker,casent0103800,0.465,0.465,0.229,0.131,0.138,0.591
Crematogaster.obscurata,worker,fmnhins0000088665,0.571,0.567,0.258,0.165,0.16,0.646
Crematogaster.obscurata,worker,inbiocri001280847,0.561,0.551,0.248,0.149,0.148,0.668
Crematogaster.obscurata,worker,casent0914637,0.6205,0.638,0.078,0.175,0.177,0.7895
Crematogaster.pilosa,worker,casent0193165,0.814,0.787,0.407,,0.211,1.008
Crematogaster.pilosa,worker,casent0914530,0.899,0.807,0.404,0.213,0.214,1.014
Crematogaster.pilosa,worker,casent0919707,0.736,0.67,0.342,0.183,0.15,0.806
Crematogaster.pilosa,worker,casent0103806,0.9365,0.862,0.1015,0.216,0.22,0.9965
Crematogaster.pinicola,worker,casent0105680,0.856,0.78,,,0.194,0.94
Crematogaster.pinicola,worker,casent0914531,0.877,0.781,0.372,,0.215,0.995
Crematogaster.pinicola,worker,casent0172943,0.831,0.764,0.106,0.159,0.165,0.825
Crematogaster.vermiculata,worker,casent0103810,0.726,0.698,0.318,0.194,0.192,0.907
Crematogaster.vermiculata,worker,casent0914534,0.893,0.817,0.411,0.228,0.187,0.878
Crematogaster.vermiculata,worker,casent0923320,0.633,0.599,0.282,,0.154,0.742
Crematogaster.vermiculata,worker,casent0005673,0.9515,0.919,0.451,0.25,0.258,1.1035
Cryptopone.gilva,worker,casent0003325,0.799,0.875,0.474,,0.058,1.235
Cryptopone.gilva,worker,casent0103829,0.742,0.796,0.428,,0.03,1.086
Cryptopone.gilva,worker,casent0915270,0.675,0.725,0.411,,0.024,1.081
Cryptopone.gilva,worker,fmnhins0000050343,0.839,0.881,0.488,,0.051,1.252
Cryptopone.gilva,worker,casent0260410,0.689,0.753,0.27,0.035,0.033,1.062
Cyphomyrmex.minutus,worker,casent0173957,0.535,0.504,0.194,0.124,0.134,0.719
Cyphomyrmex.minutus,worker,casent0909378,0.618,0.688,0.347,0.173,0.169,1.055
Cyphomyrmex.minutus,worker,fmnhins0000062861,0.644,0.624,0.254,0.151,0.151,0.915
Cyphomyrmex.minutus,worker,casent0103832,0.699,0.687,0.105,0.141,0.143,0.991
Cyphomyrmex.rimosus,worker,casent0103839,0.694,0.687,0.332,0.174,0.187,1.114
Cyphomyrmex.rimosus,worker,casent0919614,0.568,0.535,0.188,0.125,0.133,0.823
Cyphomyrmex.rimosus,worker,fmnhins0000046091,0.709,0.742,0.323,,0.177,1.137
Cyphomyrmex.rimosus,worker,casent0923105,0.742,0.795,0.18,0.165,0.163,1.112
Discothyrea.testacea,worker,casent0004651,0.341,0.406,0.104,,0.024,0.449
Discothyrea.testacea,worker,casent0006058,0.354,0.433,0.143,,0.016,0.452
Discothyrea.testacea,worker,casent0270725,0.396,0.482,0.193,,0.025,0.503
Discothyrea.testacea,worker,casent0103847,0.406,0.511,0.0105,0.015,0.015,0.478
Dolichoderus.mariae,worker,casent0103850,0.81,0.904,0.377,0.236,0.236,1.215
Dolichoderus.mariae,worker,casent0909456,0.955,1.011,0.393,0.281,0.292,1.463
Dolichoderus.mariae,worker,fmnhins0000045063,0.872,0.956,0.399,0.231,0.25,1.326
Dolichoderus.mariae,worker,casent0003312,0.94,1.047,0.22,0.265,0.268,1.332
Dolichoderus.pustulatus,worker,casent0103855,0.871,0.95,0.379,0.27,0.253,1.207
Dolichoderus.pustulatus,worker,casent0249578,0.704,0.736,0.336,0.226,0.223,1.062
Dolichoderus.pustulatus,worker,fmnhins0000045072,0.755,0.833,0.325,0.231,0.223,1.184
Dolichoderus.pustulatus,worker,casent0902960,0.722,0.799,0.2075,0.238,0.247,1.166
Dorymyrmex.bossutus,worker,casent0103858,0.697,0.81,0.381,0.221,0.207,1.008
Dorymyrmex.bossutus,worker,casent0105876,0.5355,0.609,0.089,0.163,0.161,0.971
Dorymyrmex.bureni,worker,casent0249670,0.692,0.778,0.366,0.225,0.226,1.084
Dorymyrmex.bureni,worker,fmnhins0000062862,0.807,0.857,0.421,0.273,0.267,1.28
Dorymyrmex.bureni,worker,casent0103863,0.727,0.832,0.412,0.219,0.208,1.124
Dorymyrmex.bureni,worker,casent0281176,0.865,0.974,0.1385,0.252,0.253,1.315
Dorymyrmex.elegans,worker,casent0103876,0.675,0.846,0.438,0.221,0.227,1.42
Dorymyrmex.elegans,worker,casent0249671,0.65,0.807,0.417,0.219,0.218,1.406
Dorymyrmex.elegans,worker,casent0003314,0.688,0.863,0.1465,0.207,0.206,1.282
Dorymyrmex.flavopectus,worker,casent0103887,0.7305,0.874,0.1825,0.204,0.202,1.213
Dorymyrmex.grandulus,worker,casent0911036,0.688,0.816,0.414,0.225,0.218,1.156
Dorymyrmex.grandulus,worker,casent0103878,0.6135,0.76,0.1125,0.185,0.184,1.0775
Dorymyrmex.reginicula,worker,casent0103900,0.878,0.954,0.1295,0.262,0.268,1.303
Eurhopalothrix.floridana,worker,casent0006100,0.625,0.577,0.195,0.048,0.038,0.71
Eurhopalothrix.floridana,worker,casent0914898,0.655,0.597,0.206,0.043,0.042,0.74
Eurhopalothrix.floridana,worker,fmnhins0000047628,0.61,0.596,0.184,0.048,0.028,0.7
Eurhopalothrix.floridana,worker,casent0003195,0.607,0.557,0.143,0.041,0.04,0.654
Forelius.pruinosus,worker,casent0103912,0.512,0.585,0.268,0.144,0.148,0.782
Forelius.pruinosus,worker,casent0249696,0.623,0.654,0.356,0.168,0.163,0.931
Forelius.pruinosus,worker,casent0915583,0.606,0.687,0.353,0.145,0.141,0.792
Forelius.pruinosus,worker,fmnhins0000062863,0.515,0.594,0.286,0.145,0.138,0.741
Forelius.pruinosus,worker,casent0249695,0.489,0.57,0.059,0.126,0.126,0.7235
Formica.archboldi,worker,casent0103921,1.317,1.659,0.753,0.507,0.538,2.749
Formica.archboldi,worker,casent0105592,1.274,1.589,0.842,0.52,0.441,2.634
Formica.archboldi,worker,casent0104886,1.129,1.44,0.252,0.414,0.413,2.3745
Formica.biophilica,worker,casent0103945,1.347,1.759,0.766,0.468,0.458,2.601
Formica.biophilica,worker,casent0105556,1.281,1.656,0.712,0.457,0.552,3.339
Formica.biophilica,worker,casent0280343,1.192,1.5,0.776,0.441,0.366,2.426
Formica.biophilica,worker,casent0103499,1.133,1.456,0.1705,0.371,0.375,2.489
Formica.dolosa,worker,casent0179861,1.256,1.563,0.745,0.41,0.438,2.498
Formica.dolosa,worker,casent0911066,1.585,1.84,0.947,0.579,0.572,3.066
Formica.dolosa,worker,casent0103933,1.204,1.628,0.2315,0.424,0.427,2.8845
Formica.pallidefulva,worker,casent0103931,1.034,1.34,0.641,0.382,0.435,2.381
Formica.pallidefulva,worker,casent0905709,0.993,1.184,0.6,0.353,0.51,2.761
Formica.pallidefulva,worker,casent0915638,1.225,1.493,0.683,0.386,0.391,2.315
Formica.pallidefulva,worker,casent0103932,0.9835,1.259,0.164,0.354,0.349,2.086
Formica.subsericea,worker,casent0179853,1.33,1.526,0.679,0.485,0.513,2.27
Formica.subsericea,worker,casent0280362,1.609,1.849,0.827,0.589,0.59,2.676
Formica.subsericea,worker,casent0281180,1.685,1.896,0.818,0.577,0.6,2.798
Formica.subsericea,worker,casent0103942,1.378,1.648,0.172,0.513,0.508,2.502
Gnamptogenys.triangularis,worker,casent0179951,1.175,1.14,0.843,0.288,0.299,1.923
Gnamptogenys.triangularis,worker,casent0915109,1.132,1.165,0.724,0.314,0.312,1.939
Gnamptogenys.triangularis,worker,casent0907186,1.041,1.047,0.818,0.251,0.265,1.65
Gnamptogenys.triangularis,worker,casent0103948,0.9985,1.039,0.4135,0.235,0.234,1.8045
Hypoponera.inexorata,worker,casent0103956,0.621,0.693,0.367,,0.034,0.902
Hypoponera.inexorata,worker,casent0065779,0.53,0.642,0.318,,0.042,0.894
Hypoponera.inexorata,worker,casent0647600,0.99,1.045,0.608,,0.055,1.555
Hypoponera.inexorata,worker,fmnhins0000088658,0.626,0.696,0.386,,0.039,0.991
Hypoponera.inexorata,worker,casent0102904,0.6725,0.755,0.259,0.045,0.045,1.042
Hypoponera.opaciceps,worker,casent0103952,0.626,0.715,0.37,0.05,0.041,0.926
Hypoponera.opaciceps,worker,casent0104122,0.608,0.696,0.335,0.047,0.036,1.016
Hypoponera.opaciceps,worker,casent0246006,0.689,0.752,0.413,,0.019,1.071
Hypoponera.opaciceps,worker,casent0915870,0.644,0.731,0.332,0.047,0.049,1.049
Hypoponera.opaciceps,worker,casent0104663,0.66,0.761,0.22,0.042,0.043,1.0755
Hypoponera.opacior,worker,casent0103966,0.579,0.705,0.355,0.034,0.03,0.857
Hypoponera.opacior,worker,casent0907333,0.525,0.616,0.333,,0.03,0.98
Hypoponera.opacior,worker,fmnhins0000062864,0.502,0.584,0.309,,0.029,0.794
Hypoponera.opacior,worker,casent0102905,0.5145,0.622,0.172,0.027,0.026,0.816
Hypoponera.punctatissima,worker,casent0103973,0.697,0.851,0.305,,,0.853
Hypoponera.punctatissima,worker,casent0103976,0.48,0.588,0.32,,0.032,0.724
Hypoponera.punctatissima,worker,casent0217521,0.345,0.419,0.197,,0.023,0.581
Hypoponera.punctatissima,worker,casent0915190,0.54,0.63,0.335,,0.021,0.802
Hypoponera.punctatissima,worker,casent0005437,0.5225,0.626,0.197,0.028,0.026,0.852
Lasius.americanus,worker,casent0102801,0.812,0.903,0.424,0.231,0.222,0.997
Lasius.americanus,worker,casent0179854,0.772,0.846,0.389,,0.226,0.911
Lasius.americanus,worker,casent0905677,0.759,0.809,0.338,0.209,0.233,1.102
Lasius.americanus,worker,casent0103987,0.773,0.885,0.0935,0.206,0.221,1.022
Lasius.interjectus,worker,casent0103545,1.425,1.372,0.741,0.2,0.169,1.65
Lasius.interjectus,worker,casent0105573,1.271,1.236,0.697,0.184,0.182,1.559
Lasius.interjectus,worker,casent0102696,1.3445,1.284,0.206,0.169,0.171,1.56
Lasius.neoniger,worker,casent0103980,0.807,0.848,0.41,0.193,0.212,1.039
Lasius.neoniger,worker,casent0179850,0.762,0.828,0.411,0.207,0.201,1.103
Lasius.neoniger,worker,casent0905676,0.724,0.786,0.407,0.202,0.191,1.037
Lasius.neoniger,worker,casent0005403,0.821,0.91,0.1805,0.222,0.227,1.077
Lasius.umbratus,worker,casent0903215,0.933,0.967,0.508,0.145,0.139,1.209
Lasius.umbratus,worker,casent0911054,1.181,1.217,0.666,,0.193,1.485
Lasius.umbratus,worker,casent0911055,0.827,0.878,0.46,0.137,0.136,1.143
Lasius.umbratus,worker,casent0172706,1.064,1.103,0.2255,0.149,0.15,1.425
Leptogenys.manni,worker,casent0178785,0.936,1.466,0.672,0.342,0.325,2.384
Leptogenys.manni,worker,casent0104002,0.864,1.412,0.1735,0.317,0.315,2.407
Linepithema.humile,worker,casent0104147,0.606,0.662,0.283,0.168,0.185,1.009
Linepithema.humile,worker,casent0911562,0.832,0.858,0.399,0.238,0.2,1.247
Linepithema.humile,worker,casent0915577,0.673,0.719,0.339,0.205,0.184,1.079
Linepithema.humile,worker,casent0249733,0.703,0.725,0.312,0.2,0.186,1.132
Linepithema.humile,worker,casent0006019,0.6695,0.713,0.145,0.163,0.165,1.067
Monomorium.pharaonis,worker,casent0005782,0.482,0.597,0.265,0.095,0.089,0.778
Monomorium.pharaonis,worker,casent0104095,0.448,0.55,0.24,0.094,0.096,0.676
Monomorium.pharaonis,worker,casent0171086,0.415,0.526,0.227,0.084,0.081,0.647
Monomorium.pharaonis,worker,casent0173986,0.3955,0.508,0.0545,0.075,0.074,0.654
Monomorium.subcoecum,worker,casent0923382,0.262,0.322,0.148,0.019,0.016,0.376
Monomorium.subcoecum,worker,casent0923383,0.259,0.328,0.142,0.02,0.017,0.353
Monomorium.subcoecum,worker,casent0904581,0.315,0.385,0.064,0.018,0.018,0.385
Monomorium.trageri,worker,casent0104103,0.353,0.495,0.024,0.081,0.082,0.528
Monomorium.viridum,worker,casent0104112,0.4045,0.52,0.092,0.105,0.104,0.529
Myrmecina.americana,worker,casent0104118,0.784,0.754,0.413,0.099,0.096,0.878
Myrmecina.americana,worker,casent0904688,0.634,0.638,0.394,,0.092,0.813
Myrmecina.americana,worker,fmnhins0000088661,0.669,0.654,0.348,0.076,0.059,0.823
Myrmecina.americana,worker,casent0103049,0.694,0.671,0.1575,0.074,0.062,0.836
Myrmica.punctiventris,worker,casent0907643,0.956,1.153,0.533,0.234,,1.366
Myrmica.punctiventris,worker,casent0104128,0.991,1.159,0.156,0.21,0.215,1.4365
Neivamyrmex.carolinensis,worker,casent0902643,0.616,0.694,0.379,,0.045,1.05
Neivamyrmex.carolinensis,worker,casent0923616,0.953,0.963,0.482,0.049,0.048,1.389
Neivamyrmex.carolinensis,worker,casent0104130,0.9675,1.005,0.1755,0.047,0.047,1.383
Neivamyrmex.nigrescens,worker,casent0005332,0.957,0.994,0.506,0.077,,1.621
Neivamyrmex.nigrescens,worker,casent0106080,1,1.008,0.535,0.077,0.083,1.633
Neivamyrmex.nigrescens,worker,casent0249494,0.604,0.752,0.347,0.067,,1.221
Neivamyrmex.nigrescens,worker,casent0902642,0.747,0.824,0.468,0.068,0.07,1.372
Neivamyrmex.nigrescens,worker,casent0249493,0.673,0.81,0.204,0.07,0.07,1.3285
Neivamyrmex.opacithorax,worker,casent0005334,0.991,1.04,0.5,0.067,0.057,1.397
Neivamyrmex.opacithorax,worker,casent0104139,1.094,1.117,0.509,0.07,0.064,1.773
Neivamyrmex.opacithorax,worker,casent0104142,0.629,0.722,0.351,,0.045,1.061
Neivamyrmex.opacithorax,worker,casent0903735,0.732,0.829,0.364,0.073,0.069,1.359
Neivamyrmex.opacithorax,worker,casent0102767,0.5445,0.647,0.0845,0.048,0.044,0.986
Neivamyrmex.pilosus,worker,casent0173529,1.508,1.511,0.64,0.076,0.059,2.068
Neivamyrmex.pilosus,worker,casent0249500,1.333,1.35,0.619,0.07,0.066,1.942
Neivamyrmex.pilosus,worker,casent0902654,1.321,1.435,0.695,0.104,0.095,2.147
Neivamyrmex.pilosus,worker,casent0911404,0.742,0.879,0.358,0.06,0.06,1.44
Neivamyrmex.pilosus,worker,ufv-labecol-003518,0.7155,0.821,0.2535,0.054,0.052,1.514
Neivamyrmex.texanus,worker,casent0249509,1.134,1.176,0.636,0.103,0.114,1.968
Neivamyrmex.texanus,worker,casent0104150,0.768,0.929,0.222,0.77,0.74,1.4985
Nylanderia.arenivaga,worker,CASENT0280573,0.507,0.561,0.337,0.151,0.147,0.732
Nylanderia.arenivaga,worker,CASENT0923370,0.379,0.447,0.236,0.106,0.086,0.543
Nylanderia.arenivaga,worker,casent0104195,0.4455,0.532,0.0785,0.127,0.129,0.7605
Nylanderia.bourbonica,worker,casent0104203,0.619,0.674,0.285,0.198,0.192,1.006
Nylanderia.bourbonica,worker,casent0188533,0.641,0.713,0.328,0.197,0.203,0.933
Nylanderia.bourbonica,worker,casent0280574,0.65,0.707,0.391,0.22,0.225,1.028
Nylanderia.bourbonica,worker,casent0910998,0.654,0.703,0.354,0.212,0.225,1.08
Nylanderia.bourbonica,worker,fmnhins0000062866,0.62,0.709,0.339,0.193,0.203,0.923
Nylanderia.bourbonica,worker,casent0235555,0.533,0.607,0.107,0.173,0.169,0.9045
Nylanderia.concinna,worker,casent0104209,0.4595,0.539,0.685,0.126,0.123,0.761
Nylanderia.faisonensis,worker,casent0280576,0.532,0.601,0.315,0.149,0.151,0.829
Nylanderia.faisonensis,worker,casent0911026,0.538,0.616,0.305,0.142,0.117,0.754
Nylanderia.faisonensis,worker,casent0104218,0.4285,0.532,0.11,0.117,0.119,0.7155
Nylanderia.fulva,worker,casent0173238,0.497,0.585,0.254,0.155,0.161,0.846
Nylanderia.fulva,worker,casent0911029,0.739,0.814,0.439,0.223,0.198,1.069
Nylanderia.fulva,worker,ecofog-it14-0782-33,0.549,0.681,0.268,0.176,0.167,0.982
Nylanderia.fulva,worker,focol2719,0.809,0.82,0.463,0.223,0.222,1.197
Nylanderia.fulva,worker,casent0173491,0.6005,0.674,0.139,0.179,0.176,0.9345
Nylanderia.parvula,worker,casent0104230,0.537,0.62,0.278,0.159,0.145,0.758
Nylanderia.parvula,worker,casent0903132,0.48,0.538,0.288,0.47,0.137,0.66
Nylanderia.parvula,worker,casent0915727,0.48,0.543,0.261,0.131,0.143,0.705
Nylanderia.parvula,worker,casent0003319,0.4995,0.587,0.109,0.132,0.135,0.7345
Nylanderia.phantasma,worker,casent0104244,0.434,0.551,0.287,0.125,0.133,0.729
Nylanderia.pubens,worker,casent0104862,0.764,0.847,0.443,0.213,0.193,1.002
Nylanderia.pubens,worker,casent0911031,0.735,0.781,0.42,0.21,0.202,1.084
Nylanderia.pubens,worker,fmnhins0000088663,0.688,0.784,0.315,0.205,0.201,1.058
Nylanderia.pubens,worker,casent0104254,0.6435,0.743,0.0645,0.186,0.185,0.9955
Nylanderia.steinheili,worker,casent0102943,0.587,0.653,0.346,0.156,0.124,0.724
Nylanderia.steinheili,worker,casent0173233,0.48,0.574,0.29,0.151,0.154,0.767
Nylanderia.steinheili,worker,casent0280581,0.675,0.738,0.381,0.198,0.159,0.772
Nylanderia.steinheili,worker,casent0903138,0.506,0.569,0.299,0.158,0.159,0.763
Nylanderia.steinheili,worker,casent0178613,0.4195,0.524,0.092,0.123,0.12,0.666
Nylanderia.vividula,worker,casent0102821,0.537,0.614,0.298,0.152,0.161,0.806
Nylanderia.vividula,worker,casent0104260,0.556,0.649,0.315,0.158,0.158,0.821
Nylanderia.vividula,worker,casent0219750,0.604,0.7,0.37,0.159,0.15,0.894
Nylanderia.vividula,worker,usnment00753566,0.619,0.674,0.363,0.174,0.145,0.745
Nylanderia.vividula,worker,casent0280580,0.516,0.588,0.1285,0.149,0.153,0.7055
Nylanderia.wojciki,worker,casent0281000,0.473,0.579,0.273,0.141,0.141,0.648
Nylanderia.wojciki,worker,casent0104268,0.4235,0.543,0.062,0.121,0.124,0.6315
Ochetellus.glaber,worker,casent0003317,0.499,0.541,0.199,0.125,0.128,0.653
Ochetellus.glaber,worker,casent0104159,0.454,0.549,0.2,0.14,0.162,0.781
Ochetellus.glaber,worker,casent0275747,0.617,0.694,0.285,0.167,0.143,0.888
Ochetellus.glaber,worker,casent0919962,0.551,0.594,0.234,0.159,0.148,0.719
Ochetellus.glaber,worker,casent0005175,0.4845,0.555,0.1,0.138,0.133,0.6525
Odontomachus.brunneus,worker,antweb1041404,1.946,2.277,1.432,0.432,0.402,2.92
Odontomachus.brunneus,worker,casent0104165,1.66,1.959,0.959,0.317,0.354,2.893
Odontomachus.brunneus,worker,casent0270601,1.598,1.918,0.984,0.333,0.353,2.334
Odontomachus.brunneus,worker,casent0649761,1.562,1.816,0.92,0.327,0.323,2.426
Odontomachus.brunneus,worker,casent0270600,1.708,2.181,1.1175,0.38,0.383,2.6995
Odontomachus.haematodus,worker,casent0173537,1.664,2.033,1.139,0.352,0.375,3.027
Odontomachus.haematodus,worker,casent0246014,1.911,2.368,1.289,0.447,0.448,3.166
Odontomachus.haematodus,worker,casent0900581,1.191,1.514,0.904,0.279,0.252,1.953
Odontomachus.haematodus,worker,casent0904007,2.08,2.534,1.405,0.484,0.466,3.062
Odontomachus.haematodus,worker,casent0103104,1.896,2.565,1.24,0.474,0.467,3.0705
Odontomachus.relictus,worker,casent0104172,1.566,1.967,0.98,0.357,0.355,2.3585
Odontomachus.ruginodis,worker,casent0318467,1.527,1.813,0.89,0.307,0.344,2.455
Odontomachus.ruginodis,worker,casent0650423,1.669,2.027,1.014,0.361,,2.604
Odontomachus.ruginodis,worker,fmnhins0000078502,1.762,2.136,1.163,0.379,0.337,2.689
Odontomachus.ruginodis,worker,fmnhins0000088684,1.717,2.065,1.042,0.351,0.34,2.546
Odontomachus.ruginodis,worker,casent0104183,1.5355,1.951,0.87,0.333,0.33,2.7725
Paratrechina.longicornis,worker,casent0104236,0.594,0.783,0.394,0.247,0.2,1
Paratrechina.longicornis,worker,casent0125348,0.483,0.63,0.32,0.195,0.167,0.945
Paratrechina.longicornis,worker,casent0171073,0.469,0.672,0.316,0.211,0.196,0.968
Paratrechina.longicornis,worker,casent0281157,0.507,0.669,0.358,0.215,0.215,1.033
Paratrechina.longicornis,worker,casent0171035,0.463,0.655,0.094,0.194,0.195,1.0165
Pheidole.adrianoi,worker,casent0104274,0.3945,0.425,0.1005,0.099,0.101,0.5065
Pheidole.adrianoi,major,casent0104273,0.8945,0.862,0.2015,0.109,0.113,0.696
Pheidole.bicarinata,worker,casent0102869,0.487,0.519,0.294,0.118,0.122,0.6
Pheidole.bicarinata,worker,casent0104283,0.525,0.535,0.299,0.127,0.134,0.661
Pheidole.bicarinata,worker,casent0904437,0.449,0.501,0.242,0.122,0.116,0.573
Pheidole.bicarinata,worker,casent0904439,0.443,0.483,0.289,0.093,0.094,0.585
Pheidole.bicarinata,worker,casent0005750,0.512,0.542,0.1215,0.114,0.114,0.5945
Pheidole.bicarinata,major,casent0005749,0.957,0.973,0.452,0.158,0.157,0.889
Pheidole.bicarinata,major,casent0104282,0.918,0.99,0.446,0.14,0.139,0.863
Pheidole.bicarinata,major,casent0283402,0.948,1.01,0.43,0.133,0.138,0.825
Pheidole.bicarinata,major,casent0904436,0.916,0.954,0.455,0.15,0.126,0.806
Pheidole.bicarinata,major,casent0102868,1.0255,1.061,0.178,0.123,0.122,0.898
Pheidole.floridana,worker,casent0104402,0.429,0.464,0.244,0.086,0.102,0.605
Pheidole.floridana,worker,casent0904425,0.472,0.539,0.281,0.105,0.102,0.583
Pheidole.floridana,worker,fmnhins0000078504,0.4305,0.468,0.095,0.086,0.086,0.5355
Pheidole.floridana,major,casent0904424,0.867,0.881,0.432,0.149,0.123,0.795
Pheidole.floridana,major,casent0104401,0.8525,0.906,0.1895,0.106,0.106,0.824
Pheidole.carrolli,worker,casent0104287,0.522,0.619,0.115,0.138,0.139,0.797
Pheidole.carrolli,major,casent0104286,1.4305,1.506,0.331,0.19,0.189,1.3015
Pheidole.crassicornis,worker,casent0104292,0.69,0.757,0.385,,0.143,0.933
Pheidole.crassicornis,worker,casent0904433,0.5795,0.668,0.1825,0.128,0.131,1.0065
Pheidole.crassicornis,major,casent0904432,1.429,1.357,0.742,0.223,0.218,1.297
Pheidole.crassicornis,major,casent0104291,1.1455,1.209,0.2355,0.189,0.181,1.242
Pheidole.dentata,worker,casent0901476,0.641,0.69,0.401,0.165,0.169,0.968
Pheidole.dentata,worker,casent0901549,0.592,0.651,0.353,0.158,0.118,0.943
Pheidole.dentata,worker,casent0917765,0.639,0.706,0.367,0.164,0.168,1.001
Pheidole.dentata,worker,fmnhins0000078503,0.61,0.694,0.402,0.166,0.156,0.905
Pheidole.dentata,worker,casent0104240,0.617,0.706,0.132,0.154,0.154,0.944
Pheidole.dentata,major,casent0103882,1.319,1.34,0.676,0.227,0.209,1.175
Pheidole.dentata,major,casent0901475,1.14,1.128,0.585,0.191,0.198,1.091
Pheidole.dentata,major,casent0908218,1.291,1.286,0.745,0.227,0.207,1.287
Pheidole.dentata,major,casent0901550,1.134,1.161,0.327,0.189,0.193,1.103
Pheidole.dentigula,worker,fmnhins0000088647,0.42,0.461,0.259,0.071,0.086,0.504
Pheidole.dentigula,worker,casent0104394,0.45,0.492,0.1245,0.065,0.063,0.512
Pheidole.dentigula,major,casent0104393,0.786,0.815,0.168,0.083,0.079,0.7065
Pheidole.diversipilosa,worker,casent0104396,0.602,0.638,0.341,0.137,0.134,0.878
Pheidole.diversipilosa,worker,casent0102875,0.602,0.687,0.155,0.144,0.142,0.8475
Pheidole.diversipilosa,major,casent0104395,1.109,1.126,0.507,0.171,0.182,1.148
Pheidole.diversipilosa,major,casent0619981,1.217,1.202,0.527,0.188,0.192,1.201
Pheidole.diversipilosa,major,casent0102874,1.192,1.205,0.289,0.168,0.171,1.1175
Pheidole.flavens,worker,casent0104397,0.435,0.465,0.248,,0.089,0.518
Pheidole.flavens,worker,casent0908260,0.392,0.415,0.23,0.075,0.079,0.468
Pheidole.flavens,worker,casent0908262,0.454,0.479,0.269,0.111,0.085,0.575
Pheidole.flavens,worker,fmnhins0000088648,0.411,0.45,0.241,0.094,0.084,0.522
Pheidole.flavens,worker,casent0178022,0.39,0.453,0.1125,0.081,0.08,0.4995
Pheidole.flavens,major,casent0173263,0.825,0.801,0.381,,0.108,0.61
Pheidole.flavens,major,casent0246098,0.861,0.797,0.404,0.125,0.125,0.697
Pheidole.flavens,major,casent0908267,0.679,0.668,0.327,0.096,0.099,0.61
Pheidole.flavens,major,casent0908276,0.861,0.852,0.373,0.104,0.092,0.667
Pheidole.flavens,major,casent0178020,0.8085,0.772,0.1725,0.095,0.097,0.732
Pheidole.lamia,worker,casent0104698,0.474,0.505,0.297,0.087,0.083,0.649
Pheidole.lamia,worker,casent0172696,0.465,0.507,0.262,,0.08,0.582
Pheidole.lamia,worker,casent0104788,0.419,0.52,0.1,0.077,0.075,0.6015
Pheidole.lamia,major,casent0104664,0.628,0.98,0.397,,0.104,0.828
Pheidole.lamia,major,casent0172695,0.578,0.872,0.339,,0.114,0.872
Pheidole.lamia,major,casent0104787,0.595,0.876,0.1315,0.098,0.1,0.796
Pheidole.littoralis,worker,casent0104405,,0.471,0.263,0.131,0.113,0.56
Pheidole.littoralis,worker,casent0901557,0.547,0.545,0.311,0.154,0.159,0.651
Pheidole.littoralis,worker,fmnhins0000062822,0.41,0.435,0.088,0.082,0.083,0.5015
Pheidole.littoralis,major,casent0104404,1.319,1.4,0.573,0.191,0.215,0.945
Pheidole.littoralis,major,casent0901558,1.451,1.484,0.63,0.18,0.2,0.954
Pheidole.littoralis,major,fmnhins0000062820,1.2465,1.358,0.214,0.154,0.162,0.8815
Pheidole.megacephala,worker,antweb1008103,0.551,0.626,0.311,0.133,0.132,0.81
Pheidole.megacephala,worker,casent0059654,0.554,0.614,0.335,0.135,,0.818
Pheidole.megacephala,worker,casent0103307,0.624,0.653,0.4,0.149,0.125,0.708
Pheidole.megacephala,worker,casent0171092,0.566,0.637,0.343,0.137,0.132,0.857
Pheidole.megacephala,worker,casent0235976,0.624,0.667,0.366,0.138,0.15,0.941
Pheidole.megacephala,worker,casent0056016,0.5735,0.63,0.178,0.129,0.132,0.831
Pheidole.megacephala,major,casent0101560,1.517,1.35,0.708,0.207,0.205,1.27
Pheidole.megacephala,major,casent0104408,1.381,1.295,0.612,0.188,0.188,1.226
Pheidole.megacephala,major,csironc0178,0.951,0.91,0.479,0.135,0.123,0.878
Pheidole.megacephala,major,fmnhins0000078505,1.276,1.21,0.59,0.176,0.166,1.087
Pheidole.megacephala,major,casent0063124,1.2935,1.298,0.2655,0.137,0.135,1.085
Pheidole.metallescens,worker,casent0904444,0.407,0.448,0.238,0.1,0.104,0.569
Pheidole.metallescens,worker,casent0104412,0.4115,0.484,0.385,0.1,0.101,0.5535
Pheidole.metallescens,major,casent0104411,0.8605,0.876,0.154,0.126,0.125,0.7605
Pheidole.morrisii,worker,casent0908229,0.622,0.723,0.42,0.186,0.181,1.043
Pheidole.morrisii,worker,casent0908231,0.704,0.752,0.481,0.188,0.212,1.177
Pheidole.morrisii,worker,casent0917781,0.689,0.781,0.416,0.18,0.173,1.062
Pheidole.morrisii,worker,casent0104416,0.549,0.665,0.1335,0.146,0.144,0.8375
Pheidole.morrisii,major,casent0908228,1.095,1.146,0.582,,0.235,1.208
Pheidole.morrisii,major,casent0908230,1.317,1.251,0.709,0.244,0.216,1.316
Pheidole.morrisii,major,casent0917780,1.274,1.188,0.668,0.225,0.238,1.208
Pheidole.morrisii,major,casent0922217,1.264,1.244,0.643,0.231,0.221,1.313
Pheidole.morrisii,major,casent0104415,1.143,1.215,0.229,0.188,0.193,1.186
Pheidole.moerens,worker,fmnhins0000078506,0.424,0.465,0.228,0.091,0.094,0.513
Pheidole.moerens,worker,casent0005743,0.425,0.479,0.1015,0.088,0.084,0.6445
Pheidole.moerens,major,casent0005742,0.8745,0.896,0.256,0.123,0.127,0.738
Pheidole.obscurithorax,worker,casent0104420,0.629,0.788,0.445,0.188,0.2,1.17
Pheidole.obscurithorax,worker,casent0913312,0.584,0.749,0.442,0.174,0.179,1.148
Pheidole.obscurithorax,worker,casent0178042,0.5575,0.714,0.154,0.147,0.152,1.0595
Pheidole.obscurithorax,major,casent0104419,1.515,1.568,0.872,,0.258,1.726
Pheidole.obscurithorax,major,casent0913311,1.747,1.772,0.973,0.253,0.257,1.517
Pheidole.obscurithorax,major,casent0178041,1.604,1.645,0.386,0.196,0.196,1.5355
Pheidole.tysoni,worker,casent0104454,0.414,0.478,0.257,0.098,0.1,0.602
Pheidole.tysoni,worker,casent0282942,0.454,0.478,0.293,0.098,0.095,0.558
Pheidole.tysoni,worker,casent0908243,0.435,0.483,0.284,0.1,0.078,0.571
Pheidole.tysoni,worker,casent0104427,0.4135,0.456,0.0755,0.085,0.084,0.561
Pheidole.tysoni,major,casent0104426,0.879,0.97,0.423,0.136,0.139,0.845
Pheidole.tysoni,major,casent0104453,0.847,0.912,0.437,0.143,0.124,0.833
Pheidole.tysoni,major,casent0908242,0.959,1.108,0.486,0.128,0.141,0.863
Pheidole.tysoni,major,casent0282947,0.8895,0.958,0.1785,0.113,0.11,0.8
Platythyrea.punctata,worker,casent0003323,1.045,1.293,0.667,0.339,0.285,2.401
Platythyrea.punctata,worker,casent0006088,1.033,1.379,0.58,0.327,0.347,2.284
Platythyrea.punctata,worker,casent0103910,1.044,1.374,0.638,0.358,0.419,2.458
Platythyrea.punctata,worker,fmnhins0000088649,1.006,1.318,0.623,0.333,0.334,2.407
Platythyrea.punctata,worker,casent0006819,1.0145,1.324,0.3705,0.288,0.297,2.147
Pogonomyrmex.badius,worker,casent0103056,1.623,1.658,0.853,0.313,0.338,2.307
Pogonomyrmex.badius,worker,casent0900375,1.35,1.283,0.759,0.298,0.244,1.713
Pogonomyrmex.badius,worker,casent0104423,1.5075,1.589,0.222,0.318,0.315,1.984
Pogonomyrmex.badius,major,casent0103057,3.248,2.752,1.357,0.49,0.494,3.042
Pogonomyrmex.badius,major,casent0281110,3.397,2.799,1.644,0.536,0.548,3.301
Pogonomyrmex.badius,major,casent0104424,3.189,2.68,0.4295,0.472,0.472,3.0035
Ponera.exotica,worker,casent0104432,0.347,0.441,0.202,,,0.633
Ponera.exotica,worker,casent0249231,0.464,0.591,0.29,,,0.801
Ponera.exotica,worker,casent0603539,0.3945,0.526,0.16,0.019,0.012,0.6675
Ponera.pennsylvanica,worker,antweb1038007,0.608,0.739,0.392,,0.046,1.047
Ponera.pennsylvanica,worker,casent0003322,0.576,0.72,0.342,,,1.066
Ponera.pennsylvanica,worker,casent0103897,0.512,0.626,0.311,,0.025,0.949
Ponera.pennsylvanica,worker,casent0249230,0.588,0.724,0.356,,0.038,1.017
Ponera.pennsylvanica,worker,casent0006626,0.558,0.691,0.1415,0.033,0.031,1.006
Prenolepis.imparis,worker,casent0103873,0.894,0.934,0.449,0.266,0.197,1.258
Prenolepis.imparis,worker,casent0106035,0.882,0.86,0.505,0.25,0.246,1.102
Prenolepis.imparis,worker,casent0179611,0.822,0.885,0.448,0.258,0.266,1.203
Prenolepis.imparis,worker,casent0905672,0.787,0.833,0.416,0.241,0.233,1.114
Prenolepis.imparis,worker,casent0102823,0.771,0.855,0.132,0.226,0.224,1.122
Prionopelta.antillana,worker,casent0103911,0.394,0.48,0.204,,0.024,0.602
Prionopelta.antillana,worker,casent0767588,0.374,0.456,0.208,,0.03,0.563
Prionopelta.antillana,worker,casent0767612,0.409,0.499,0.233,,0.023,0.567
Prionopelta.antillana,worker,casent0902630,0.455,0.528,0.252,0.033,0.028,0.704
Prionopelta.antillana,worker,casent0006076,0.432,0.486,0.0775,0.031,0.031,0.6065
Proceratium.chickasaw,worker,casent0104435,0.72,0.839,0.1325,0.018,0.015,1.111
Proceratium.crassicorne,worker,fmnhins0000057119,0.5735,0.656,0.153,0.011,0.012,0.8295
Proceratium.crassicorne,worker,casent0104436,0.618,0.651,0.337,,0.023,0.834
Proceratium.crassicorne,worker,casent0903852,0.61,0.615,0.346,,0.033,0.87
Proceratium.creek,worker,casent0105837,0.998,1.196,0.635,0.045,0.045,2.016
Proceratium.creek,worker,casent0104439,0.8725,1.151,0.161,0.026,0.027,1.6625
Proceratium.croceum,worker,casent0104442,0.8285,0.908,0.172,0.018,0.016,1.31
Proceratium.pergandei,worker,casent0903855,0.85,0.946,0.574,0.041,,1.391
Proceratium.pergandei,worker,casent0104443,0.756,0.894,0.1685,0.015,0.017,1.2345
Proceratium.silaceum,worker,casent0235164,0.469,0.502,0.246,,0.023,0.628
Proceratium.silaceum,worker,casent0903853,0.639,0.689,0.371,,0.031,0.8
Proceratium.silaceum,worker,focol0928,0.721,0.739,0.387,,0.029,0.982
Proceratium.silaceum,worker,psw7415-1,1.599,1.671,0.959,,0.035,0.914
Proceratium.silaceum,worker,casent0104234,0.6405,0.688,0.1755,0.033,0.033,0.8005
Pseudomyrmex.cubaensis,worker,casent0104073,0.667,0.966,0.34,0.495,0.463,1.287
Pseudomyrmex.cubaensis,worker,casent0173759,0.802,1.15,0.407,0.618,0.537,1.466
Pseudomyrmex.cubaensis,worker,casent0907536,0.645,0.888,0.344,0.466,0.484,1.295
Pseudomyrmex.cubaensis,worker,fmnhins0000088650,0.637,0.917,0.313,0.472,0.449,1.246
Pseudomyrmex.cubaensis,worker,casent0005871,0.666,1.01,0.0815,0.503,0.496,1.3275
Pseudomyrmex.ejectus,worker,casent0102683,0.688,0.872,0.287,0.467,0.489,1.277
Pseudomyrmex.ejectus,worker,casent0104280,0.618,0.797,0.289,0.43,0.429,1.119
Pseudomyrmex.ejectus,worker,casent0104314,0.653,0.839,0.278,0.442,0.413,1.122
Pseudomyrmex.ejectus,worker,casent0902894,0.669,0.85,,0.459,0.484,1.181
Pseudomyrmex.ejectus,worker,fmnhins0000088651,0.655,0.829,0.364,0.437,0.435,1.154
Pseudomyrmex.ejectus,worker,casent0102684,0.648,0.871,0.1145,0.459,0.467,1.127
Pseudomyrmex.elongatus,worker,casent0103868,0.581,0.855,0.288,0.472,0.437,1.014
Pseudomyrmex.elongatus,worker,casent0173750,0.609,0.982,0.307,0.553,0.505,1.204
Pseudomyrmex.elongatus,worker,casent0907537,0.53,0.732,0.286,0.449,0.483,1.091
Pseudomyrmex.elongatus,worker,fmnhins0000078507,0.582,0.848,0.313,0.463,0.48,1.191
Pseudomyrmex.elongatus,worker,casent0005874,0.546,0.785,0.0375,0.442,0.44,1.0015
Pseudomyrmex.gracilis,worker,casent0103874,1.347,1.573,0.614,0.935,1.025,2.587
Pseudomyrmex.gracilis,worker,casent0106097,1.567,1.851,0.815,1.115,1.084,2.784
Pseudomyrmex.gracilis,worker,casent0907478,1.273,1.494,0.603,0.917,0.891,2.255
Pseudomyrmex.gracilis,worker,fmnhins0000078508,1.257,1.475,0.646,0.837,0.912,2.281
Pseudomyrmex.gracilis,worker,casent0005838,1.3265,1.381,0.192,0.92,0.926,2.4095
Pseudomyrmex.leptosus,workerless parasite,casent0902896,0.648,0.857,0.0655,0.388,0.387,1.3695
Pseudomyrmex.pallidus,worker,casent0103890,0.711,0.909,0.328,0.481,0.431,1.189
Pseudomyrmex.pallidus,worker,casent0246350,0.666,0.866,0.307,0.442,0.413,1.159
Pseudomyrmex.pallidus,worker,casent0902900,0.719,0.95,0.348,0.454,0.455,1.348
Pseudomyrmex.pallidus,worker,fmnhins0000078509,0.676,0.888,0.365,0.475,0.469,1.252
Pseudomyrmex.pallidus,worker,casent0005441,0.642,0.85,0.145,0.403,0.403,1.1325
Pseudomyrmex.seminole,worker,casent0902898,0.803,1.016,0.354,0.487,0.532,1.503
Pseudomyrmex.seminole,worker,fmnhins0000078510,1.169,1.082,0.437,0.512,0.497,1.487
Pseudomyrmex.seminole,worker,casent0103884,0.8785,1.158,0.1135,0.5,0.497,1.4625
Pseudomyrmex.simplex,worker,casent0104281,0.616,0.784,0.257,0.424,0.439,1.151
Pseudomyrmex.simplex,worker,casent0902902,0.668,0.842,0.281,0.462,0.451,1.265
Pseudomyrmex.simplex,worker,casent0907489,0.572,0.747,0.256,0.405,0.4,1.055
Pseudomyrmex.simplex,worker,fmnhins0000078520,0.639,0.812,0.264,0.435,0.437,1.157
Pseudomyrmex.simplex,worker,MCZ_ENT_Pseudomyrmex_simplex,0.7185,0.97,0.081,,0.503,1.4595
Pseudoneoponera.stigma,worker,casent0104187,0.977,1.015,0.581,,0.056,1.481
Pseudoneoponera.stigma,worker,casent0171132,1.185,1.232,0.752,0.093,0.082,1.884
Pseudoneoponera.stigma,worker,casent0249159,1.136,1.158,0.72,,0.079,1.825
Pseudoneoponera.stigma,worker,casent0907287,1.071,1.118,0.717,,0.074,1.817
Pseudoneoponera.stigma,worker,casent0178392,1.182,1.251,0.407,0.075,0.061,1.809
Solenopsis.carolinensis,worker,casent0104497,0.274,0.332,0.148,0.033,0.032,0.372
Solenopsis.carolinensis,worker,casent0902335,0.331,0.401,0.207,0.046,0.042,0.427
Solenopsis.carolinensis,worker,casent0908858,0.329,0.401,0.186,,0.04,0.45
Solenopsis.carolinensis,worker,fmnhins0000078523,0.292,0.386,,0.033,0.031,0.372
Solenopsis.carolinensis,worker,casent0010696,0.3855,0.482,0.064,0.048,0.047,0.5195
Solenopsis.geminata,worker,casent0104522,0.75,0.84,0.435,0.139,0.148,1.103
Solenopsis.geminata,worker,casent0104933,1.015,1.083,0.581,0.164,0.135,1.182
Solenopsis.geminata,worker,casent0913897,0.651,0.766,0.361,0.148,0.157,1.052
Solenopsis.geminata,worker,casent0917011,0.62,0.682,0.332,0.123,0.136,0.899
Solenopsis.geminata,worker,fmnhins0000078513,0.648,0.712,0.355,0.156,0.135,0.886
Solenopsis.geminata,worker,casent0104934,0.6825,0.776,0.0885,0.117,0.124,0.9305
Solenopsis.geminata,major,casent0063125,1.257,1.282,0.691,0.19,0.178,1.462
Solenopsis.geminata,major,casent0104521,1.684,1.547,0.66,0.184,0.199,1.627
Solenopsis.geminata,major,casent0178424,1.042,1.156,0.501,0.176,0.176,1.421
Solenopsis.geminata,major,casent0908794,1.732,1.574,0.72,,0.203,1.399
Solenopsis.geminata,major,casent0102966,1.167,1.209,0.2225,0.155,0.158,1.4205
Solenopsis.globularia,worker,casent0104501,0.446,0.573,0.241,0.099,0.088,0.76
Solenopsis.globularia,worker,casent0104814,0.387,0.497,0.211,,0.093,0.659
Solenopsis.globularia,worker,casent0908833,0.375,0.457,0.209,0.071,0.066,0.533
Solenopsis.globularia,worker,fmnhins0000078524,0.438,0.519,0.206,0.078,0.075,0.606
Solenopsis.globularia,worker,casent0173279,0.473,0.585,0.062,0.096,0.096,0.7785
Solenopsis.invicta,worker,casent0005804,1.352,1.367,0.65,0.245,0.248,1.708
Solenopsis.invicta,worker,casent0104523,1.1,1.184,0.588,0.201,0.196,1.565
Solenopsis.invicta,worker,casent0178134,1.169,1.194,0.562,0.201,0.213,1.611
Solenopsis.invicta,worker,casent0902350,1.374,1.359,0.782,0.301,0.289,1.982
Solenopsis.invicta,worker,casent0913949,1.344,1.334,0.733,0.225,0.219,1.83
Solenopsis.invicta,worker,casent0178135,0.889,1.031,0.0885,0.155,0.155,1.388
Solenopsis.nickersoni,worker,CASENT0104505,0.293,0.404,0.17,0.048,0.048,0.418
Solenopsis.picta,worker,casent0105664,0.324,0.368,0.188,0.041,0.042,0.432
Solenopsis.picta,worker,casent0904629,0.345,0.378,0.17,,0.049,0.47
Solenopsis.picta,worker,casent0104509,0.3925,0.467,0.054,0.043,0.046,0.56
Solenopsis.pergandei,worker,casent0103157,0.454,0.497,0.274,,0.029,0.556
Solenopsis.pergandei,worker,casent0105855,0.5,0.547,0.294,,0.035,0.665
Solenopsis.pergandei,worker,fmnhins0000049898,0.476,0.525,0.292,,0.029,0.609
Solenopsis.pergandei,worker,fmnhins0000078525,0.376,0.446,0.221,0.036,0.03,0.483
Solenopsis.pergandei,worker,CASENT0104506,0.33,0.406,0.196,0.034,0.034,0.51
Solenopsis.tennessensis,worker,casent0104524,0.26,0.353,0.156,,0.03,0.382
Solenopsis.tennessensis,worker,CASENT0911149,0.305,0.404,0.169,0.021,0.021,0.429
Stenamma.foveolocephalum,worker,casent0105665,0.907,0.951,0.563,0.159,0.151,1.321
Stenamma.foveolocephalum,worker,casent0104515,0.9795,1.156,0.2755,0.196,0.195,1.245
Stenamma.impar,worker,casent0907679,0.608,0.697,0.377,,0.114,0.954
Stenamma.impar,worker,casent0923373,0.517,0.622,0.318,0.064,0.078,0.762
Stenamma.impar,worker,casent0104795,0.6015,0.71,0.178,0.091,0.009,0.8255
Stigmatomma.pallipes,worker,casent0102903,1.039,1.154,0.895,,0.039,1.711
Stigmatomma.pallipes,worker,casent0103551,0.965,1.035,0.83,0.049,0.048,1.577
Stigmatomma.pallipes,worker,casent0104569,1.226,1.293,,1.029,0.058,1.929
Stigmatomma.pallipes,worker,fmnhins0000045022,1.048,1.139,0.864,,,1.559
Stigmatomma.pallipes,worker,casent0005434,1.168,1.17,0.543,0.041,0.041,1.7595
Strumigenys.abdita,worker,casent0104279,0.415,0.564,0.105,0.025,0.026,0.61
Strumigenys.angulata,worker,casent0105657,0.444,0.505,0.187,,,0.61
Strumigenys.angulata,worker,casent0103891,0.44,0.596,0.175,0.03,0.026,0.61
Strumigenys.apalachicolensis,worker,CASENT0103886,0.35,0.533,0.087,,,0.5
Strumigenys.archboldi,worker,casent0104339,0.371,0.523,0.162,,,0.524
Strumigenys.archboldi,worker,casent0914679,0.392,0.548,0.172,,0.04,0.569
Strumigenys.archboldi,worker,casent0900175,0.37,0.544,0.095,0.036,0.036,0.51
Strumigenys.boltoni,worker,casent0172983,0.334,0.514,0.098,,0.27,0.444
Strumigenys.boltoni,worker,casent0172984,0.338,0.505,0.122,,0.028,0.52
Strumigenys.brevisetosa,worker,casent0104482,0.37,0.534,0.164,0.049,0.054,0.648
Strumigenys.bunki,worker,casent0900165,0.379,0.525,0.128,,,0.554
Strumigenys.bunki,worker,casent0104336,0.38,0.542,0.1,0.036,0.037,0.525
Strumigenys.carolinensis,worker,casent0104341,0.4,0.51,0.13,0.025,0.022,0.56
Strumigenys.cloydi,worker,casent0104334,0.372,0.548,0.137,,0.042,0.565
Strumigenys.cloydi,worker,casent0747001,0.387,0.577,0.167,,0.059,0.691
Strumigenys.cloydi,worker,casent0747017,0.389,0.534,0.152,,0.041,0.622
Strumigenys.cloydi,worker,casent0900173,0.37,0.542,0.135,,0.04,0.548
Strumigenys.clypeata,worker,focol2174,0.411,0.565,0.16,,0.031,0.63
Strumigenys.clypeata,worker,casent0103000,0.4,0.493,0.095,0.044,0.044,0.575
Strumigenys.creightoni,worker,casent0102540,0.369,0.547,0.131,0.037,0.052,0.622
Strumigenys.creightoni,worker,casent0281181,0.366,0.527,0.137,,,0.571
Strumigenys.creightoni,worker,casent0900170,0.388,0.543,0.137,,0.04,0.596
Strumigenys.creightoni,worker,casent0104332,0.385,0.505,0.105,0.045,0.042,0.56
Strumigenys.talpa,worker,casent0102557,0.387,0.576,0.132,,0.042,0.581
Strumigenys.talpa,worker,casent0103123,0.405,0.589,0.134,,,0.584
Strumigenys.talpa,worker,casent0900171,0.326,0.477,0.119,,,0.557
Strumigenys.talpa,worker,casent0104490,0.375,0.543,0.095,0.039,0.037,0.545
Strumigenys.talpa,worker,casent0103172,0.33,0.5,0.09,0.033,0.033,0.48
Strumigenys.dietrichi,worker,casent0104200,0.314,0.472,0.169,,0.038,0.535
Strumigenys.dietrichi,worker,fmnhins0000078521,0.353,0.503,0.148,,0.042,0.539
Strumigenys.dietrichi,worker,casent0103821,0.37,0.566,0.08,0.05,0.045,0.555
Strumigenys.eggersi,worker,casent0178118,0.368,0.437,0.285,,0.033,0.413
Strumigenys.eggersi,worker,casent0625429,0.362,0.404,0.272,,0.042,0.451
Strumigenys.eggersi,worker,casent0904936,0.371,0.403,0.313,,0.039,0.481
Strumigenys.eggersi,worker,fmnhins0000078511,0.353,0.399,0.267,,0.043,0.452
Strumigenys.eggersi,worker,casent0103845,0.345,0.488,0.255,0.029,0.03,0.43
Strumigenys.emmae,worker,casent0060342,0.357,0.412,0.129,,0.022,0.403
Strumigenys.emmae,worker,casent0102082,0.348,0.401,0.135,,,0.423
Strumigenys.emmae,worker,casent0104133,0.319,0.372,0.119,,0.017,0.451
Strumigenys.emmae,worker,fmnhins0000078526,0.352,0.396,0.144,,0.021,0.446
Strumigenys.emmae,worker,casent0005894,0.36,0.408,0.135,0.022,0.022,0.44
Strumigenys.epinotalis,worker,casent0900217,0.414,0.492,0.17,0.075,0.075,0.54
Strumigenys.gundlachi,worker,casent0106238,0.379,0.435,0.303,,0.039,0.495
Strumigenys.gundlachi,worker,casent0900176,0.396,0.481,0.35,,,0.519
Strumigenys.gundlachi,worker,casent0912854,0.364,0.397,0.298,,0.031,0.444
Strumigenys.gundlachi,worker,casent0915948,0.387,0.447,0.322,,0.037,0.485
Strumigenys.gundlachi,worker,casent0103867,0.38,0.414,0.3,0.033,0.033,0.475
Strumigenys.hexamera,worker,casent0100720,0.564,0.492,0.292,,,0.616
Strumigenys.hexamera,worker,casent0103819,0.54,0.443,0.2,0.023,0.024,0.585
Strumigenys.inopina QUEEN ONLY,queen,casent0103838,0.616,0.555,0.1755,0.112,0.112,0.6625
Strumigenys.laevinasis,worker,casent0104198,0.332,0.457,0.152,0.031,0.033,0.584
Strumigenys.laevinasis,worker,casent0104472,0.44,0.552,0.115,0.037,0.035,0.65
Strumigenys.lanuginosa,worker,antweb1032495,0.455,0.515,0.344,0.056,0.066,0.611
Strumigenys.lanuginosa,worker,casent0105875,0.47,0.509,0.368,0.065,0.064,0.717
Strumigenys.lanuginosa,worker,casent0178644,0.457,0.511,0.369,,0.073,0.68
Strumigenys.lanuginosa,worker,casent0914741,0.448,0.498,0.351,,0.056,0.707
Strumigenys.lanuginosa,worker,casent0104517,0.46,0.551,0.35,0.056,0.055,0.61
Strumigenys.louisianae,worker,antweb1032160,0.461,0.561,0.427,,0.049,0.607
Strumigenys.louisianae,worker,casent0003321,0.431,0.435,0.271,0.063,0.058,0.545
Strumigenys.louisianae,worker,casent0104527,0.472,0.502,0.308,0.068,0.064,0.605
Strumigenys.louisianae,worker,casent0914505,0.494,0.507,0.313,0.074,0.075,0.64
Strumigenys.louisianae,worker,antweb1038235,0.46,0.424,0.355,0.044,0.044,0.595
Strumigenys.margaritae,worker,casent0900216,0.39,0.506,0.141,,0.077,0.553
Strumigenys.margaritae,worker,casent0909341,0.342,0.453,0.126,0.063,0.058,0.609
Strumigenys.margaritae,worker,casent0914601,0.451,0.586,0.163,0.088,0.079,0.54
Strumigenys.margaritae,worker,casent0104473,0.39,0.573,0.11,0.063,0.069,0.52
Strumigenys.membranifera,worker,casent0023769,0.39,0.424,0.123,,,0.493
Strumigenys.membranifera,worker,casent0104518,0.413,0.441,0.133,,0.029,0.538
Strumigenys.membranifera,worker,casent0171134,0.393,0.432,0.12,,0.029,0.506
Strumigenys.membranifera,worker,casent0173252,0.415,0.447,0.136,,0.042,0.537
Strumigenys.membranifera,worker,casent0133285,0.42,0.443,0.09,0.02,0.02,0.515
Strumigenys.missouriensis,worker,casent0104475,0.369,0.522,0.117,,,0.518
Strumigenys.missouriensis,worker,casent0104893,0.4,0.505,0.09,0.035,0.036,0.57
Strumigenys.ornata,worker,casent0900174,0.369,0.518,0.128,,0.037,0.547
Strumigenys.ornata,worker,casent0915951,0.347,0.494,0.109,,0.055,0.549
Strumigenys.ornata,worker,casent0104478,0.365,0.496,0.07,0.029,0.032,0.54
Strumigenys.pilinasis,worker,casent0104477,0.414,0.562,0.181,,,0.681
Strumigenys.pilinasis,worker,casent0105668,0.42,0.553,0.19,,0.06,0.66
Strumigenys.pilinasis,worker,casent0909339,0.402,0.544,0.175,,,0.6
Strumigenys.pilinasis,worker,,0.445,,0.14,0.047,0.047,0.62
Strumigenys.pulchella,worker,casent0104483,0.365,0.526,0.085,0.035,0.035,0.56
Strumigenys.reflexa,worker,casent0900168,0.403,0.527,0.166,,,0.564
Strumigenys.reflexa,worker,casent0104485,0.4,0.523,0.08,0.03,0.03,0.54
Strumigenys.rogeri,worker,casent0060341,0.413,0.497,0.308,0.057,0.059,0.608
Strumigenys.rogeri,worker,casent0102080,0.455,0.535,0.366,0.066,0.048,0.589
Strumigenys.rogeri,worker,casent0104529,0.419,0.501,0.304,0.056,0.051,0.577
Strumigenys.rogeri,worker,casent0914774,0.447,0.52,0.319,0.056,0.051,0.564
Strumigenys.rogeri,worker,casent0005897,0.47,0.525,0.35,0.046,0.051,0.62
Strumigenys.rostrata,worker,casent0900164,0.48,0.699,0.192,,,0.746
Strumigenys.rostrata,worker,casent0904955,0.487,0.686,0.176,,0.075,0.77
Strumigenys.rostrata,worker,focol2172,0.452,0.664,0.159,,,0.702
Strumigenys.rostrata,worker,casent0104486,0.445,0.619,0.12,0.048,0.048,0.65
Strumigenys.silvestrii,worker,casent0104531,0.356,0.409,0.263,,0.027,0.471
Strumigenys.silvestrii,worker,casent0900476,0.349,0.421,0.25,,,0.507
Strumigenys.silvestrii,worker,casent0904937,0.371,0.425,0.271,,,0.497
Strumigenys.silvestrii,worker,fmnhins0000078527,0.342,0.4,0.251,,0.018,0.468
Strumigenys.silvestrii,worker,casent0178128,0.35,0.385,0.24,0.025,0.027,0.43
Strumigenys.wrayi,worker,casent0104491,0.375,0.571,0.08,,,0.53
Tapinoma.litorale,worker,casent0104532,0.457,0.496,0.216,0.107,0.092,0.436
Tapinoma.litorale,worker,casent0249762,0.46,0.479,0.216,0.115,0.115,0.564
Tapinoma.litorale,worker,fmnhins0000078515,0.475,0.498,0.249,0.126,0.109,0.585
Tapinoma.litorale,worker,casent0249763,0.51,0.524,0.134,0.091,0.096,0.615
Tapinoma.melanocephalum,worker,casent0005325,0.404,0.457,0.191,0.116,0.115,0.496
Tapinoma.melanocephalum,worker,casent0008659,0.378,0.446,0.171,0.11,0.113,0.541
Tapinoma.melanocephalum,worker,casent0171078,0.401,0.461,0.224,0.108,0.11,0.565
Tapinoma.melanocephalum,worker,fmnhins0000078516,0.411,0.482,0.226,0.124,0.115,0.536
Tapinoma.melanocephalum,worker,casent0104536,0.43,0.498,0.0825,0.123,0.124,0.541
Tapinoma.sessile,worker,casent0104535,0.715,0.737,0.315,0.208,0.198,0.959
Tapinoma.sessile,worker,casent0172857,0.544,0.612,0.305,0.139,0.152,0.761
Tapinoma.sessile,worker,casent0923117,0.508,0.604,0.257,0.146,0.172,0.72
Tapinoma.sessile,worker,jtlc000014295,0.848,0.809,0.382,0.202,0.181,0.977
Tapinoma.sessile,worker,casent0005329,0.6805,0.746,0.143,0.187,0.191,0.924
Technomyrmex.difficilis,worker,casent0003175,0.604,0.624,0.274,0.15,0.147,0.746
Technomyrmex.difficilis,worker,casent0003318,0.533,0.572,0.238,0.159,0.159,0.818
Technomyrmex.difficilis,worker,casent0101079,0.554,0.579,0.29,0.148,0.152,0.767
Technomyrmex.difficilis,worker,fmnhins0000078517,0.565,0.6,0.251,0.159,0.166,0.857
Technomyrmex.difficilis,worker,casent0171131,0.7475,0.8,0.162,0.196,0.198,0.691
Temnothorax.allardycei,worker,casent0105614,0.435,0.49,0.198,0.132,0.185,0.931
Temnothorax.allardycei,worker,fmnhins0000088652,0.634,0.714,0.277,0.188,0.184,0.857
Temnothorax.allardycei,worker,casent0104009,0.656,0.736,0.103,0.172,0.173,0.851
Temnothorax.bradleyi,worker,casent0105869,0.811,0.823,0.425,0.168,0.135,1.009
Temnothorax.bradleyi,worker,casent0104011,0.6515,0.751,0.096,0.124,0.118,0.968
Temnothorax.curvispinosus,worker,casent0003234,0.437,0.519,0.224,0.126,0.135,0.612
Temnothorax.curvispinosus,worker,casent0104040,0.539,0.636,0.265,,0.139,0.764
Temnothorax.curvispinosus,worker,casent0901789,0.519,0.557,0.284,0.157,0.157,0.753
Temnothorax.curvispinosus,worker,casent0919744,0.402,0.464,0.19,0.122,0.126,0.566
Temnothorax.curvispinosus,worker,casent0104032,0.487,0.564,0.0855,0.123,0.121,0.7005
Temnothorax.palustris,worker,casent0104045,0.503,0.648,0.086,0.124,0.124,0.773
Temnothorax.pergandei,worker,casent0104016,0.627,0.727,0.327,0.177,0.161,0.922
Temnothorax.pergandei,worker,casent0104027,0.591,0.678,0.341,0.159,0.141,0.972
Temnothorax.pergandei,worker,casent0172994,0.669,0.742,0.342,0.182,0.171,0.992
Temnothorax.pergandei,worker,casent0904768,0.609,0.703,0.347,0.16,0.171,0.967
Temnothorax.pergandei,worker,fmnhins0000088653,0.591,0.687,0.364,0.169,0.166,0.949
Temnothorax.pergandei,worker,casent0102842,0.6175,0.733,0.1035,0.178,0.183,0.9465
Temnothorax.schaumii,worker,casent0104050,0.641,0.718,0.285,0.167,0.159,0.874
Temnothorax.schaumii,worker,casent0909059,0.622,0.708,0.308,0.161,0.143,0.843
Temnothorax.schaumii,worker,casent0919745,0.486,0.541,0.215,0.125,0.11,0.666
Temnothorax.schaumii,worker,casent0104047,0.4515,0.573,0.0635,0.12,0.119,0.7725
Temnothorax.smithi,worker,casent0105866,0.929,0.987,0.47,0.206,0.143,1.143
Temnothorax.smithi,worker,casent0104053,0.887,1.017,0.119,0.174,0.164,1.033
Temnothorax.texanus,worker,casent0923379,0.466,0.571,0.281,0.126,0.135,0.725
Temnothorax.texanus,worker,casent0104063,0.4325,0.572,0.08,0.114,0.118,0.728
Temnothorax.torrei,worker,casent0104057,0.394,0.498,0.197,0.107,0.111,0.604
Temnothorax.torrei,worker,casent0104776,0.352,0.47,0.176,0.095,0.095,0.484
Temnothorax.torrei,worker,mczent00016562,0.413,0.523,0.205,0.116,0.093,0.552
Temnothorax.torrei,worker,mczent00583611,0.416,0.515,0.197,0.112,0.109,0.561
Temnothorax.torrei,worker,fmnhins0000088654,0.407,0.51,0.0375,0.103,0.102,0.5405
Tetramorium.bicarinatum,worker,casent0059100,0.783,0.875,0.452,0.208,0.228,1.215
Tetramorium.bicarinatum,worker,casent0060334,0.803,0.919,0.465,0.219,0.223,1.156
Tetramorium.bicarinatum,worker,casent0102737,0.894,0.996,0.505,0.239,0.238,1.26
Tetramorium.bicarinatum,worker,casent0171032,0.727,0.82,0.406,0.209,0.218,1.068
Tetramorium.bicarinatum,worker,casent0005826,0.735,0.862,0.183,0.203,0.214,1.0515
Tetramorium.caldarium,worker,casent0102738,0.462,0.551,0.284,0.131,0.114,0.608
Tetramorium.caldarium,worker,casent0125225,0.488,0.534,0.274,,0.14,0.693
Tetramorium.caldarium,worker,casent0171084,0.459,0.527,0.254,0.121,0.128,0.645
Tetramorium.caldarium,worker,fmnhins0000078518,0.465,0.521,0.247,0.112,0.118,0.627
Tetramorium.caldarium,worker,casent0102333,0.453,0.506,0.107,0.107,0.11,0.6595
Tetramorium.lanuginosum,worker,casent0102740,0.592,0.65,0.333,,0.147,0.755
Tetramorium.lanuginosum,worker,casent0171128,0.633,0.651,0.332,0.146,0.154,0.749
Tetramorium.lanuginosum,worker,casent0173289,0.618,0.67,0.363,,0.129,0.67
Tetramorium.lanuginosum,worker,casent0909094,0.598,0.634,0.323,,0.147,0.727
Tetramorium.lanuginosum,worker,fmnhins0000088655,0.5685,0.631,1.2685,0.123,0.123,0.7285
Tetramorium.simillimum,worker,casent0102742,0.488,0.541,0.27,0.106,0.11,0.606
Tetramorium.simillimum,worker,casent0102937,0.518,0.557,0.277,0.116,0.095,0.628
Tetramorium.simillimum,worker,casent0171034,0.466,0.514,0.245,0.101,0.108,0.601
Tetramorium.simillimum,worker,fmnhins0000088656,0.498,0.561,0.276,0.114,0.117,0.627
Tetramorium.simillimum,worker,casent0102390,0.469,0.519,0.1185,0.099,0.101,0.671
Trachymyrmex.jamaicensis,worker,casent0102743,1.389,1.168,0.669,0.258,0.263,2.135
Trachymyrmex.jamaicensis,worker,casent0909393,1.501,1.259,0.92,0.325,0.294,2.186
Trachymyrmex.jamaicensis,worker,casent0912523,1.541,1.347,0.94,0.322,0.278,2.479
Trachymyrmex.jamaicensis,worker,casent0919971,1.319,1.158,0.4185,0.234,0.226,1.9805
Trachymyrmex.septentrionalis,worker,casent0003337,0.988,0.969,0.558,0.179,0.176,1.389
Trachymyrmex.septentrionalis,worker,casent0919975,1.0305,0.944,0.31,0.165,0.163,1.507
Wasmannia.auropunctata,worker,casent0005064,0.399,0.435,,,0.111,0.465
Wasmannia.auropunctata,worker,casent0005665,0.383,0.407,0.192,0.099,,0.448
Wasmannia.auropunctata,worker,casent0039797,0.413,0.457,0.201,0.103,0.106,0.496
Wasmannia.auropunctata,worker,casent0909212,0.365,0.405,0.184,0.087,0.095,0.447
Wasmannia.auropunctata,worker,casent0097874,0.399,0.423,0.198,0.103,0.112,0.487
Wasmannia.auropunctata,worker,casent0097874,0.3945,0.425,0.0795,0.082,0.082,0.4795
Xenomyrmex.floridanus,worker,casent0000499,0.428,0.481,0.162,0.095,0.088,0.539
Xenomyrmex.floridanus,worker,casent0104541,0.466,0.544,0.205,0.106,0.083,0.61
Xenomyrmex.floridanus,worker,casent0106053,0.411,0.475,0.174,0.097,0.096,0.548
Xenomyrmex.floridanus,worker,casent0904614,0.429,0.484,0.201,0.099,0.089,0.576
Xenomyrmex.floridanus,worker,fmnhins0000078519,0.416,0.47,0.06,0.073,0.072,0.578